-- Tabla Aeropuerto
CREATE TABLE aeropuerto (
    id UUID PRIMARY KEY,
    nombre TEXT NOT NULL,
    ciudad TEXT,
    pais TEXT,
    version INT DEFAULT 0;
);

-- Tabla TipoDeAvion
CREATE TABLE tipo_de_avion (
    id UUID PRIMARY KEY,
    nombre TEXT NOT NULL,
    cant_max_de_asientos INT,
    empresa TEXT
);

-- Tabla Avion
CREATE TABLE avion (
    id UUID PRIMARY KEY,
    tipo_avion_id UUID REFERENCES tipo_de_avion(id),
    total_de_asientos INT
);


INSERT INTO Aeropuerto (id,nombre, ciudad, pais) VALUES
('d8793998-6abc-4cb7-9931-a25bc4cc3d9f','Aeropuerto Internacional Maiquetía', 'Caracas', 'Venezuela'),
('c1512958-aeae-4162-b26f-45284b7c27ae','Aeropuerto La Carlota', 'Caracas', 'Venezuela'),
('ecb2b2bd-a3f4-480e-97ad-11c6beddfd43','Aeropuerto Internacional Maracaibo', 'Maracaibo', 'Venezuela'),
('2e8586b8-b880-4e08-9ac5-7f39c92c02ad','Aeropuerto Internacional Valencia', 'Valencia', 'Venezuela'),
('ff7a34a1-2040-453c-a682-27e1659f3a04','Aeropuerto Internacional El Dorado', 'Bogotá', 'Colombia'),
('da1435af-5191-49bd-aff4-3ac1941f0dff','Aeropuerto Internacional José María Córdova', 'Medellín', 'Colombia'),
('3180d859-a87f-4131-9c16-17ec21f2881c','Aeropuerto Internacional Rafael Núñez', 'Cartagena', 'Colombia'),
('5e33084d-74d5-47f7-a266-cc82c20a9399','Aeropuerto Internacional Jorge Chávez', 'Lima', 'Perú'),
('90eb8d7d-484f-4d73-86db-55408936deb0','Aeropuerto Internacional El Tepual', 'Puerto Montt', 'Chile'),
('1fec94ff-2a1e-4185-9ceb-7a2f35e6b6c8','Aeropuerto Internacional Comodoro Arturo Merino Benítez', 'Santiago', 'Chile'),
('82372d14-678c-4886-bd59-45ccc7a8b874','Aeropuerto Internacional Ezeiza', 'Buenos Aires', 'Argentina'),
('71e802dc-541e-450f-ba32-95c79b9f30d1','Aeropuerto Aeroparque Jorge Newbery', 'Buenos Aires', 'Argentina'),
('9d4e1099-dcd9-4f83-a329-5f7975435b8c','Aeropuerto Internacional Córdoba', 'Córdoba', 'Argentina'),
('71647d17-0b1c-47f8-9dbc-8096f43d81a0','Aeropuerto Internacional Mendoza', 'Mendoza', 'Argentina'),
('0591ac19-fe19-4168-a65d-e5295e4d51e8','Aeropuerto Internacional Mariscal Sucre', 'Quito', 'Ecuador'),
('23c64648-b435-4c68-9770-3378ea104ef1','Aeropuerto Internacional José Joaquín de Olmedo', 'Guayaquil', 'Ecuador'),
('d9159f7e-fee6-4240-b336-7cbfe36f1548','Aeropuerto Internacional Simón Bolívar', 'Santa Marta', 'Colombia'),
('6e32d5a1-4494-477b-820e-57aea75c2111','Aeropuerto Internacional La Aurora', 'Ciudad de Guatemala', 'Guatemala'),
('2aef6a06-e337-4394-80ed-741392f1d6de','Aeropuerto Internacional Juan Santamaría', 'San José', 'Costa Rica'),
('28fe62b4-de32-4272-87a9-33a804ec1226','Aeropuerto Internacional El Salvador', 'San Salvador', 'El Salvador'),
('1ed80c2e-f0c3-4086-bb45-c95b2acdb777','Aeropuerto Internacional Augusto C. Sandino', 'Managua', 'Nicaragua'),
('006be0e3-805b-4ffc-967b-f9b7d4d19124','Aeropuerto Internacional Tocumen', 'Ciudad de Panamá', 'Panamá'),
('b54b10f5-0b8e-4b87-aa77-0ce05d0e0531','Aeropuerto Internacional La Habana', 'La Habana', 'Cuba'),
('95a81ebc-05a3-47b2-a640-791549dbe32e','Aeropuerto Internacional José Martí', 'La Habana', 'Cuba'),
('b2352e52-3eff-4165-a703-a650d4ef8801','Aeropuerto Internacional Punta Cana', 'Punta Cana', 'República Dominicana'),
('fa5c95d3-e180-44ff-b697-65829f09da66','Aeropuerto Internacional Cancún', 'Cancún', 'México'),
('247126b1-73c2-4232-b557-17ce9778c486','Aeropuerto Internacional Benito Juárez', 'Ciudad de México', 'México'),
('148ff1e7-8a9b-4122-82b2-ac25e60c5fd6','Aeropuerto Internacional Toronto Pearson', 'Toronto', 'Canadá'),
('a8d3d103-f60d-4970-94f2-0e171c7a06ad','Aeropuerto Internacional John F. Kennedy', 'Nueva York', 'Estados Unidos');

INSERT INTO tipo_de_avion (id, nombre , cant_max_de_asientos , empresa) VALUES
('d82e7cd9-dc9f-4551-bf14-ccdef997f9a9','Boeing 737-800', 189, 'Boeing'),
('6b282551-29b4-44e6-8d86-3661ebd10db2','Airbus A320neo', 186, 'Airbus'),
('4eb07e90-34c8-4a08-b104-52827bf60032','Embraer E195-E2', 146, 'Embraer'),
('94ad033d-d8e7-43df-8340-b10d0d78916d','Bombardier CRJ900', 90, 'Bombardier'),
('155aa4ca-1057-4abb-be19-0907629b5a92','Boeing 757-300', 243, 'Boeing'),
('6037b214-30be-4705-af37-666952c11ff9','Airbus A321XLR', 244, 'Airbus');

INSERT INTO Avion (id,tipo_avion_id , total_de_asientos) VALUES
('7abff9ee-d79f-4863-b1c8-5d2a4592dae9', '155aa4ca-1057-4abb-be19-0907629b5a92', 251),
('70a139ce-9b4c-4cb9-9591-3eff2f933940', '6037b214-30be-4705-af37-666952c11ff9', 244),
('31abfbc7-273c-4037-bbc5-27d1c782984b', 'd82e7cd9-dc9f-4551-bf14-ccdef997f9a9', 210),
('2b8616ea-f503-47b2-aa80-d1bfbf453621', 'd82e7cd9-dc9f-4551-bf14-ccdef997f9a9', 189),
('6d2ba990-45fa-414c-be46-8c00b3b178d2', 'd82e7cd9-dc9f-4551-bf14-ccdef997f9a9', 189),
('ef654a74-be4c-4c32-bc99-2b007acb9229', 'd82e7cd9-dc9f-4551-bf14-ccdef997f9a9', 189),
('f5296ef0-f56d-4453-b198-6eead2c04398', 'd82e7cd9-dc9f-4551-bf14-ccdef997f9a9', 189),
('ecc96c4c-ecb0-4fbb-a9ae-14fb1e3d603c', 'd82e7cd9-dc9f-4551-bf14-ccdef997f9a9', 189),
('53afef44-4bee-4b61-9370-17d9c6a90514', 'd82e7cd9-dc9f-4551-bf14-ccdef997f9a9', 189),
('f3609cd0-3f30-4683-852d-6453b9a73497', 'd82e7cd9-dc9f-4551-bf14-ccdef997f9a9', 189),
('2a900606-0da4-47ac-96f7-2e9acab8ec06', 'd82e7cd9-dc9f-4551-bf14-ccdef997f9a9', 189),
('d98e63b8-5629-492a-96a9-7059a1d25aa5', 'd82e7cd9-dc9f-4551-bf14-ccdef997f9a9', 189),
('bdc80c42-97fc-42be-a623-cacfae59fd7b', 'd82e7cd9-dc9f-4551-bf14-ccdef997f9a9', 189),
('f9070fab-b9c0-4571-805f-e02fc9f1a805', 'd82e7cd9-dc9f-4551-bf14-ccdef997f9a9', 189),
('faf27804-89d0-4296-951c-482adb16f576', 'd82e7cd9-dc9f-4551-bf14-ccdef997f9a9', 189),
('6b5f6a5d-20f6-42dd-ba82-810182c43d30', 'd82e7cd9-dc9f-4551-bf14-ccdef997f9a9', 189),
('9d66182a-df12-4d2f-adc0-046143ed5780', 'd82e7cd9-dc9f-4551-bf14-ccdef997f9a9', 189),
('e9b6e416-da26-4211-9ce4-d2f3694c5325', 'd82e7cd9-dc9f-4551-bf14-ccdef997f9a9', 189),
('3fb13465-3c1c-4a0e-9545-4f0692154408', 'd82e7cd9-dc9f-4551-bf14-ccdef997f9a9', 189),
('d37a471d-41fa-4985-b281-88855fd6e4aa', 'd82e7cd9-dc9f-4551-bf14-ccdef997f9a9', 189),
('97a03d7e-34d2-4b38-abfd-fb904f4ca4f7', 'd82e7cd9-dc9f-4551-bf14-ccdef997f9a9', 189),
('117bce08-6a9a-4108-a8c1-75d9916f2e2f', 'd82e7cd9-dc9f-4551-bf14-ccdef997f9a9', 189),
('7b8bebf9-e6c7-45ab-ac18-fe65b47ee6ac', 'd82e7cd9-dc9f-4551-bf14-ccdef997f9a9', 189),
('951f6167-ccf2-43af-a737-b929ed04d544', 'd82e7cd9-dc9f-4551-bf14-ccdef997f9a9', 189),
('89b00dc7-758c-4e77-99fb-caad255769c5', 'd82e7cd9-dc9f-4551-bf14-ccdef997f9a9', 189),
('f4edb54f-b53d-4635-a913-125fc8254ac5', 'd82e7cd9-dc9f-4551-bf14-ccdef997f9a9', 189),
('28cee63a-56a9-45c8-94af-b89b4dd6980b', 'd82e7cd9-dc9f-4551-bf14-ccdef997f9a9', 189),
('dc05ca4c-99bf-4dae-b3f1-969a85a2a995', 'd82e7cd9-dc9f-4551-bf14-ccdef997f9a9', 189),
('c6074d98-fbf5-49b4-ab0b-8aea76cf4063', 'd82e7cd9-dc9f-4551-bf14-ccdef997f9a9', 189),
('79d65f56-9712-46b4-a2f7-53faa12dbbb2', 'd82e7cd9-dc9f-4551-bf14-ccdef997f9a9', 189),
('317747c9-41bf-431b-80bd-cf53c5ca40d9', 'd82e7cd9-dc9f-4551-bf14-ccdef997f9a9', 189),
('f76232f7-a1f0-4792-807e-4ff3a0cfe012', 'd82e7cd9-dc9f-4551-bf14-ccdef997f9a9', 189),
('7ca9809a-3f80-4bad-a1e9-84cbfabba00e', 'd82e7cd9-dc9f-4551-bf14-ccdef997f9a9', 189),
('5821a727-6ef0-454d-9b25-32f67ee4ff20', 'd82e7cd9-dc9f-4551-bf14-ccdef997f9a9', 189),
('7281e988-d96e-44e7-9d04-75c533f27ad5', 'd82e7cd9-dc9f-4551-bf14-ccdef997f9a9', 189),
('ad0cdcb7-1792-4266-a41c-1203b38775c7', 'd82e7cd9-dc9f-4551-bf14-ccdef997f9a9', 189),
('3746caec-0030-466a-ba9e-a7bf531a87fb', 'd82e7cd9-dc9f-4551-bf14-ccdef997f9a9', 189),
('21356895-e748-4eac-a897-a2df0565a1ec', 'd82e7cd9-dc9f-4551-bf14-ccdef997f9a9', 189),
('2efcfbb4-4229-48c8-9b8e-8972be5d62e1', 'd82e7cd9-dc9f-4551-bf14-ccdef997f9a9', 189),
('a8472302-19b8-437e-8e78-66a32856ceee', 'd82e7cd9-dc9f-4551-bf14-ccdef997f9a9', 189),
('c033211a-c48e-4845-9b19-bb10afae67ad', 'd82e7cd9-dc9f-4551-bf14-ccdef997f9a9', 189),
('a2a03e9b-23ba-4051-a06c-f90163f96592', 'd82e7cd9-dc9f-4551-bf14-ccdef997f9a9', 189),
('4701025d-1be8-403b-aa60-10ec42e40577', 'd82e7cd9-dc9f-4551-bf14-ccdef997f9a9', 189),
('df1121a9-0dae-4a51-8ce4-a327861d3dd5', 'd82e7cd9-dc9f-4551-bf14-ccdef997f9a9', 189),
('00a49f0d-2f7c-4174-b39b-2e7443cc0f91', 'd82e7cd9-dc9f-4551-bf14-ccdef997f9a9', 189),
('771fb113-be5e-49dd-9f64-31863571c123', 'd82e7cd9-dc9f-4551-bf14-ccdef997f9a9', 189),
('36d054a2-ce8e-49f3-a7ce-89cdfd805524', 'd82e7cd9-dc9f-4551-bf14-ccdef997f9a9', 189),
('dbf17301-d8d7-4095-bd11-f6f948603020', 'd82e7cd9-dc9f-4551-bf14-ccdef997f9a9', 189),
('ccf0aa95-9e39-4c09-8870-a3f0a0b53e44', 'd82e7cd9-dc9f-4551-bf14-ccdef997f9a9', 189),
('f9ed4def-2071-4c6d-87a0-e51ab60f6889', 'd82e7cd9-dc9f-4551-bf14-ccdef997f9a9', 189),
('16db6592-939c-4058-b2a3-a416c9ca5267', 'd82e7cd9-dc9f-4551-bf14-ccdef997f9a9', 189),
('4d8215c4-9353-42dd-8c8a-b91d20a4bfb2', 'd82e7cd9-dc9f-4551-bf14-ccdef997f9a9', 189),
('ef3a8d8f-8769-405b-99ba-3170702b604a', 'd82e7cd9-dc9f-4551-bf14-ccdef997f9a9', 189),
('7bc6ca94-65c8-485d-9f29-e0775b16f332', '6b282551-29b4-44e6-8d86-3661ebd10db2', 186),
('d6a12f00-5bab-4241-b94e-996e7101b071', '6b282551-29b4-44e6-8d86-3661ebd10db2', 186),
('2c155070-352e-4d71-a6b6-bc197c151677', '6b282551-29b4-44e6-8d86-3661ebd10db2', 186),
('2e0d5a9f-682c-412d-a357-c9e1210112ec', '6b282551-29b4-44e6-8d86-3661ebd10db2', 186),
('26b0bdd6-2193-4d78-8b21-6148e4b005cd', '6b282551-29b4-44e6-8d86-3661ebd10db2', 186),
('e5d90ef3-0c16-4d7c-9db4-4bbcca1254e5', '6b282551-29b4-44e6-8d86-3661ebd10db2', 186),
('c2758fcb-c001-42cb-b8ab-01423beaf68f', '6b282551-29b4-44e6-8d86-3661ebd10db2', 186),
('98603cc6-a64f-4d9f-b01a-3b26b2ebfe72', '6b282551-29b4-44e6-8d86-3661ebd10db2', 186),
('2c43790d-0bf7-4a5f-80bc-78ecf6936be2', '6b282551-29b4-44e6-8d86-3661ebd10db2', 186),
('c4710a99-9dd1-4439-bfca-96aff36690fc', '6b282551-29b4-44e6-8d86-3661ebd10db2', 186),
('09e65389-2f26-4d0f-9529-77bd1d5a348e', '6b282551-29b4-44e6-8d86-3661ebd10db2', 186),
('67348b4e-9050-4c2b-b10e-17cf85204437', '6b282551-29b4-44e6-8d86-3661ebd10db2', 186),
('7a446ec1-11a6-4f97-b5ba-bb64be253312', '6b282551-29b4-44e6-8d86-3661ebd10db2', 186),
('45b56612-7447-40ab-a11b-3a12b653f012', '6b282551-29b4-44e6-8d86-3661ebd10db2', 186),
('afaacd96-cc34-40e5-aef2-d8cafbbd0fa6', '6b282551-29b4-44e6-8d86-3661ebd10db2', 186),
('df710725-5ddb-4c4f-94a3-f9969b96fee9', '6b282551-29b4-44e6-8d86-3661ebd10db2', 186),
('7360db15-f35c-4510-8990-8179a5ea91d3', '6b282551-29b4-44e6-8d86-3661ebd10db2', 186),
('000f2f71-b0a5-43c1-9bfe-6fd490a86617', '6b282551-29b4-44e6-8d86-3661ebd10db2', 186),
('8bbda10a-4ef1-410a-9e16-ef4b152bca54', '6b282551-29b4-44e6-8d86-3661ebd10db2', 186),
('bb055177-d1a1-4259-b858-cf97ccda9ccc', '6b282551-29b4-44e6-8d86-3661ebd10db2', 186),
('9d16e199-5ab8-4d35-9221-9780eb324a7d', '6b282551-29b4-44e6-8d86-3661ebd10db2', 186),
('17f44f6b-1656-4d9f-9083-ca5333a4873b', '6b282551-29b4-44e6-8d86-3661ebd10db2', 186),
('4d865048-74d6-41c7-bfbd-d3d088c3bff6', '6b282551-29b4-44e6-8d86-3661ebd10db2', 186),
('2ca6c344-809b-4051-ae4a-424d1ffb848b', '6b282551-29b4-44e6-8d86-3661ebd10db2', 186),
('01aaf47c-ea7a-4ee9-b486-6c900e8ba12b', '6b282551-29b4-44e6-8d86-3661ebd10db2', 186),
('ff1dd1ef-eaa7-4b5e-a333-7efd4c18dc6b', '6b282551-29b4-44e6-8d86-3661ebd10db2', 186),
('8b65c2e1-5e3c-43c0-bed8-aab33d973d9b', '6b282551-29b4-44e6-8d86-3661ebd10db2', 186),
('5a39ebe0-7868-451f-a323-f7d80597fd45', '6b282551-29b4-44e6-8d86-3661ebd10db2', 186),
('6a838e1f-82db-4ddd-87ac-6044878e03af', '6b282551-29b4-44e6-8d86-3661ebd10db2', 186),
('dc7ff428-e838-468d-b87f-545395bd3304', '6b282551-29b4-44e6-8d86-3661ebd10db2', 186),
('7967a414-7f18-4ceb-b712-ea07fbeeb5a0', '6b282551-29b4-44e6-8d86-3661ebd10db2', 186),
('01241448-d049-4ef4-8186-dd3c456b3a84', '6b282551-29b4-44e6-8d86-3661ebd10db2', 186),
('41bdd7c7-56ad-4155-81d6-b9ee1b58ef2d', '6b282551-29b4-44e6-8d86-3661ebd10db2', 186),
('7221b74b-b403-4884-90bd-26db17005aa8', '6b282551-29b4-44e6-8d86-3661ebd10db2', 186),
('205e1fdb-7e71-4138-979f-42275ba2f3c6', '6b282551-29b4-44e6-8d86-3661ebd10db2', 186),
('37ba01f0-f62f-401e-b296-0ace12b8623d', '6b282551-29b4-44e6-8d86-3661ebd10db2', 186),
('13dd7463-46b9-4eaa-816e-20b70c149f78', '6b282551-29b4-44e6-8d86-3661ebd10db2', 186),
('266d2c6b-6886-4c9f-89bc-b40aa097862c', '6b282551-29b4-44e6-8d86-3661ebd10db2', 186),
('ebbf51c3-ab82-43f8-ae38-92d98e4854bc', '6b282551-29b4-44e6-8d86-3661ebd10db2', 186),
('edc7f784-c32e-4f85-a39f-9a86fa401ccb', '6b282551-29b4-44e6-8d86-3661ebd10db2', 186),
('7a6a7989-e943-4088-bf98-ec2b1555ff6c', '6b282551-29b4-44e6-8d86-3661ebd10db2', 186),
('bdd7f338-c8a5-41d4-87c0-274995008361', '6b282551-29b4-44e6-8d86-3661ebd10db2', 186),
('c4c61191-cc47-41d5-bd63-08441d12353e', '6b282551-29b4-44e6-8d86-3661ebd10db2', 186),
('3a246a3d-4e44-431e-a6f1-db096b61dc09', '6b282551-29b4-44e6-8d86-3661ebd10db2', 186),
('cd5a18d4-386d-4479-9bb9-08d462df6052', '6b282551-29b4-44e6-8d86-3661ebd10db2', 186),
('6935adcf-f43d-4483-86a7-cdfed8c75a74', '4eb07e90-34c8-4a08-b104-52827bf60032', 146),
('f1052340-e42e-4faa-89eb-26923ebb32e9', '4eb07e90-34c8-4a08-b104-52827bf60032', 146),
('8799828a-6dae-4c58-b197-0f83312b9114', '4eb07e90-34c8-4a08-b104-52827bf60032', 146),
('20c4569b-763a-44b4-9f0c-8e9fd43ab088', '4eb07e90-34c8-4a08-b104-52827bf60032', 146),
('563e42c0-1327-4fb2-9a98-3e60dca71106', '4eb07e90-34c8-4a08-b104-52827bf60032', 146),
('ef5fbd23-2edd-47a6-b7f5-08549dec36bd', '4eb07e90-34c8-4a08-b104-52827bf60032', 146),
('9869fb11-fdce-41c1-9f8e-1394f038e9e2', '4eb07e90-34c8-4a08-b104-52827bf60032', 146),
('278ee88c-7528-49e9-867a-8d40a15719ed', '4eb07e90-34c8-4a08-b104-52827bf60032', 146),
('3449524f-b15b-4382-8e1e-52e70be2d931', '4eb07e90-34c8-4a08-b104-52827bf60032', 146),
('8fd495f6-5599-42cb-930e-9cda5dc6eb8d', '4eb07e90-34c8-4a08-b104-52827bf60032', 146),
('d414cdbc-1d93-433a-a33e-b052eab42335', '4eb07e90-34c8-4a08-b104-52827bf60032', 146),
('de5e8832-8aee-4303-aa08-6f6652953827', '4eb07e90-34c8-4a08-b104-52827bf60032', 146),
('42cfc98e-b9e1-47c6-9f06-38aa3ba9e456', '4eb07e90-34c8-4a08-b104-52827bf60032', 146),
('9b4d25f1-4ef0-4061-868d-b3869d461a53', '4eb07e90-34c8-4a08-b104-52827bf60032', 146),
('fe6eaa7c-1485-4f8f-bfb0-de6331da8a82', '4eb07e90-34c8-4a08-b104-52827bf60032', 146),
('6ba4a78b-a288-4c80-ab3e-dc949551330f', '4eb07e90-34c8-4a08-b104-52827bf60032', 146),
('600cb7a7-78d1-4b29-9cf0-455076535352', '4eb07e90-34c8-4a08-b104-52827bf60032', 146),
('c496c82f-02cf-4cc3-810b-8c4e832063ab', '4eb07e90-34c8-4a08-b104-52827bf60032', 146),
('eff9cfed-b897-4fc0-8979-5531649718f6', '4eb07e90-34c8-4a08-b104-52827bf60032', 146),
('25004ac3-7e3e-4758-acf2-c63dbe538a7e', '4eb07e90-34c8-4a08-b104-52827bf60032', 146),
('b237dab7-826d-4591-b747-a56524b53ac6', '4eb07e90-34c8-4a08-b104-52827bf60032', 146),
('ff61a06f-7b0b-49dd-b4ea-a3d67306c59e', '4eb07e90-34c8-4a08-b104-52827bf60032', 146),
('b8de1df8-b634-4355-a050-58cacb50362e', '4eb07e90-34c8-4a08-b104-52827bf60032', 146),
('5206ecaf-7340-4323-945a-3d2b345e0b3a', '4eb07e90-34c8-4a08-b104-52827bf60032', 146),
('18506a75-5e58-4777-a7e5-e0ced10fc27b', '4eb07e90-34c8-4a08-b104-52827bf60032', 146),
('c1d95667-618b-4852-8409-9d5f475b9a92', '4eb07e90-34c8-4a08-b104-52827bf60032', 146),
('ae8312b0-d90b-4d47-8bc4-f1b5f9effd15', '4eb07e90-34c8-4a08-b104-52827bf60032', 146),
('49236d84-5425-4112-8b8d-049ec48710c8', '4eb07e90-34c8-4a08-b104-52827bf60032', 146),
('d0131532-5829-471f-90ae-1fadecbd54ec', '4eb07e90-34c8-4a08-b104-52827bf60032', 146),
('cd97ab52-04bc-43da-843e-fb086e8b36b4', '4eb07e90-34c8-4a08-b104-52827bf60032', 146),
('428f10d4-6ab1-4cd2-ba76-76bd237560df', '94ad033d-d8e7-43df-8340-b10d0d78916d', 90),
('b19ed0d4-cec8-44ae-9ee7-372e5028623a', '94ad033d-d8e7-43df-8340-b10d0d78916d', 90),
('6a14fd61-fdef-47c7-b1c8-66ea6d8e99df', '94ad033d-d8e7-43df-8340-b10d0d78916d', 90),
('1c17a342-c96f-45d9-b862-71365d5b3806', '94ad033d-d8e7-43df-8340-b10d0d78916d', 90),
('60877870-8766-4249-97c3-f7b50ed7d905', '94ad033d-d8e7-43df-8340-b10d0d78916d', 90),
('acf5d42c-55c4-4aa1-9eb5-57b383d5f6a6', '94ad033d-d8e7-43df-8340-b10d0d78916d', 90),
('e905e566-8c16-4462-bc11-438096b22b49', '94ad033d-d8e7-43df-8340-b10d0d78916d', 90),
('ce5512c0-383b-4801-9aa6-e23708be7afb', '94ad033d-d8e7-43df-8340-b10d0d78916d', 90),
('3074ce64-58ac-41a3-92d3-96aefce942d7', '94ad033d-d8e7-43df-8340-b10d0d78916d', 90),
('3e884858-f68b-42dc-8cd2-6ebc6dabcf3e', '94ad033d-d8e7-43df-8340-b10d0d78916d', 90),
('d3635b95-e81c-4c1e-9770-984c93844738', '94ad033d-d8e7-43df-8340-b10d0d78916d', 90),
('16ae3272-749e-4579-816c-b469f1571125', '94ad033d-d8e7-43df-8340-b10d0d78916d', 90),
('37e064e2-643f-47a0-80b4-84564dc399a0', '94ad033d-d8e7-43df-8340-b10d0d78916d', 90),
('2dde1b91-a631-4b3e-ace5-d75658645e74', '94ad033d-d8e7-43df-8340-b10d0d78916d', 90),
('6dc8fe5b-9d39-49ec-af0f-dc00b9e51c6c', '94ad033d-d8e7-43df-8340-b10d0d78916d', 90),
('339ef3e1-d114-4429-be28-6cc0d3b5cc55', '94ad033d-d8e7-43df-8340-b10d0d78916d', 90),
('e1e02564-cf1b-4da7-9928-5dca1c512fe1', '94ad033d-d8e7-43df-8340-b10d0d78916d', 90),
('d14c1f87-6fea-4afd-8301-62df75497fe0', '94ad033d-d8e7-43df-8340-b10d0d78916d', 90),
('5fe12ab8-af55-4bcd-a9fa-afd685e18682', '94ad033d-d8e7-43df-8340-b10d0d78916d', 90),
('55c7f598-4e7c-4bf4-a833-01a1ccea8e88', '94ad033d-d8e7-43df-8340-b10d0d78916d', 90),
('29d194b4-95e7-4091-85a1-7c14281e261b', '155aa4ca-1057-4abb-be19-0907629b5a92', 243),
('747b2e15-a7a3-45f7-8f10-57c0d13890fb', '155aa4ca-1057-4abb-be19-0907629b5a92', 243),
('0d819d4d-1e86-4a7c-be20-f7a1cf8f8f20', '155aa4ca-1057-4abb-be19-0907629b5a92', 243),
('a7073f54-5311-4b58-bdae-97509b0da99b', '155aa4ca-1057-4abb-be19-0907629b5a92', 243),
('8ac778da-e2cc-46f0-8b37-830e0c32310f', '6037b214-30be-4705-af37-666952c11ff9', 244),
('99b7ee3d-d389-4096-b87c-341bc94c246a', '6037b214-30be-4705-af37-666952c11ff9', 244),
('7702a4be-50e8-4895-9744-995b60bdd644', '6037b214-30be-4705-af37-666952c11ff9', 244),
('f7d3c672-c2fe-4b77-b60e-d156762719f2', '6037b214-30be-4705-af37-666952c11ff9', 244),
('c9302ba9-c509-45fc-876c-d909aaab9bf4', '6037b214-30be-4705-af37-666952c11ff9', 244),
('739c1adf-fc1d-4bb5-bab8-a2252b96f992', '6037b214-30be-4705-af37-666952c11ff9', 244),
('eaeb7715-38c9-4625-a533-9a24bd4b2ee4', '6037b214-30be-4705-af37-666952c11ff9', 244),
('30717753-0d20-42e3-bb6b-0fc01127d596', '6037b214-30be-4705-af37-666952c11ff9', 244),
('02cfbca2-e008-482d-8fcb-aa661f9fb5b4', '6037b214-30be-4705-af37-666952c11ff9', 244),
('ce0c599a-4ccc-4aa1-9779-ea6916030a75', '6037b214-30be-4705-af37-666952c11ff9', 244);

